2012-01-16T01:01:41Z,"'Good Wife' Watch: Jason Biggs, Jim Cramer and Bitcoin Get in on the Action"
2012-01-16T01:01:41Z,"'Good Wife' Watch: Jason Biggs, Jim Cramer and Bitcoin Get in on the Action"
2012-04-12T14:30:13Z,"Canada Seeks to Turn Coins Into Digital Currency"
2013-03-12T20:28:27Z,"Today's Scuttlebot: Bitcoin Problem and Tracking the Papacy"
2013-04-08T00:00:00Z,"Bubble or No, This Virtual Currency Is a Lot of Coin in Any Realm"
2013-04-11T16:42:24Z,"Bitcoin Has Real-World Investors"
2013-04-11T17:20:13Z,"TimesCast: Bitcoin Has Real-World Investors"
2013-04-12T15:55:16Z,"Week in Review: From Banes of Zuckerberg to Bitcoin Moguls"
2013-04-12T16:30:37Z,"Adam Smith Hates Bitcoin"
2013-05-06T19:24:31Z,"A Push for a Bitcoin Buttonwood"
